{"graph": {"_type": "graph-file", "path": "media/graph/graph_summary_49c38822d8ac6c80af29.graph.json", "sha256": "49c38822d8ac6c80af296ab56cd11bbe7b01e18c396a8c204e417524ebe02cd4", "size": 2968}, "epoch": 11, "loss": 12.934906005859375, "accuracy": 0.12568749487400055, "val_loss": 12.927091598510742, "val_accuracy": 0.006750000175088644, "_runtime": 29, "_timestamp": 1626353439, "_step": 11, "best_val_loss": 12.927091598510742, "best_epoch": 0}