{"graph": {"_type": "graph-file", "path": "media/graph/graph_summary_d44a64b798b52620a43c.graph.json", "sha256": "d44a64b798b52620a43c4daa59b050521acb998991d0ae662b92e3c64c488ef1", "size": 2968}, "epoch": 11, "loss": 26.718914031982422, "accuracy": 0.4203749895095825, "val_loss": 24.851089477539062, "val_accuracy": 0.40400001406669617, "_runtime": 36, "_timestamp": 1626352102, "_step": 11, "best_val_loss": 24.774738311767578, "best_epoch": 10}