{"graph": {"_type": "graph-file", "path": "media/graph/graph_summary_d44a64b798b52620a43c.graph.json", "sha256": "d44a64b798b52620a43c4daa59b050521acb998991d0ae662b92e3c64c488ef1", "size": 2968}, "epoch": 11, "loss": 5.361217975616455, "accuracy": 0.3330624997615814, "val_loss": 6.394032001495361, "val_accuracy": 0.3165000081062317, "_runtime": 27, "_timestamp": 1626354262, "_step": 11, "best_val_loss": 6.394032001495361, "best_epoch": 11}