{"graph": {"_type": "graph-file", "path": "media/graph/graph_summary_c4884282cc127cb66206.graph.json", "sha256": "c4884282cc127cb66206276fd53f359b16ad07785227b2e2105762840c1d1eb8", "size": 2277}, "epoch": 11, "loss": 4.90445613861084, "accuracy": 0.367000013589859, "val_loss": 5.0279035568237305, "val_accuracy": 0.38199999928474426, "_runtime": 26, "_timestamp": 1626354125, "_step": 11, "best_val_loss": 4.88495397567749, "best_epoch": 9}