{"graph": {"_type": "graph-file", "path": "media/graph/graph_summary_d3ee0d59c04d047624d1.graph.json", "sha256": "d3ee0d59c04d047624d1b41c34cdcbc26cda1e5890168978f82585dfd9fbc197", "size": 3656}, "epoch": 11, "loss": 196.06387329101562, "accuracy": 0.24975000321865082, "val_loss": 2601.91845703125, "val_accuracy": 0.29899999499320984, "_runtime": 41, "_timestamp": 1626354309, "_step": 11, "best_val_loss": 209.72984313964844, "best_epoch": 10}