{"graph": {"_type": "graph-file", "path": "media/graph/graph_summary_2bcabde743aa74997659.graph.json", "sha256": "2bcabde743aa74997659f13adb998d3a805198e38e4495aa5b140f0d387a1ce6", "size": 3655}, "epoch": 11, "loss": 28.741981506347656, "accuracy": 0.4128749966621399, "val_loss": 24.84787368774414, "val_accuracy": 0.42899999022483826, "_runtime": 30, "_timestamp": 1626353989, "_step": 11, "best_val_loss": 24.84787368774414, "best_epoch": 11}