{"graph": {"_type": "graph-file", "path": "media/graph/graph_summary_494d255c8ab085a9c4d4.graph.json", "sha256": "494d255c8ab085a9c4d432de00cbfe9f407c6394b62c0f9657abe9defe0b3bd9", "size": 2965}, "epoch": 14, "loss": 3.546905517578125, "accuracy": 0.41862499713897705, "val_loss": 3.4655394554138184, "val_accuracy": 0.40950000286102295, "_runtime": 34, "_timestamp": 1626367338, "_step": 14, "best_val_loss": 3.4655394554138184, "best_epoch": 14}