{"graph": {"_type": "graph-file", "path": "media/graph/graph_summary_209ded9254da1c59a180.graph.json", "sha256": "209ded9254da1c59a1807c4a1e9e89413d2700d79a3cdc6605719954d831a340", "size": 2965}, "epoch": 9, "loss": 6.855181694030762, "accuracy": 0.2758750021457672, "val_loss": 11.5831937789917, "val_accuracy": 0.15674999356269836, "_runtime": 14, "_timestamp": 1626354977, "_step": 9, "best_val_loss": 11.5831937789917, "best_epoch": 9}