{"graph": {"_type": "graph-file", "path": "media/graph/graph_summary_d3ee0d59c04d047624d1.graph.json", "sha256": "d3ee0d59c04d047624d1b41c34cdcbc26cda1e5890168978f82585dfd9fbc197", "size": 3656}, "epoch": 11, "loss": 26.743282318115234, "accuracy": 0.41499999165534973, "val_loss": 24.796619415283203, "val_accuracy": 0.41100001335144043, "_runtime": 45, "_timestamp": 1626354361, "_step": 11, "best_val_loss": 24.796619415283203, "best_epoch": 11}