{"graph": {"_type": "graph-file", "path": "media/graph/graph_summary_97fc92a10ec596c3b0dc.graph.json", "sha256": "97fc92a10ec596c3b0dc0b8af23aa9f54644a573db25d9bc8871b7d935c50192", "size": 2280}, "epoch": 11, "loss": 3.765857219696045, "accuracy": 0.3868125081062317, "val_loss": 3.9029219150543213, "val_accuracy": 0.3852500021457672, "_runtime": 35, "_timestamp": 1626353336, "_step": 11, "best_val_loss": 3.9029219150543213, "best_epoch": 11}