{"graph": {"_type": "graph-file", "path": "media/graph/graph_summary_d44a64b798b52620a43c.graph.json", "sha256": "d44a64b798b52620a43c4daa59b050521acb998991d0ae662b92e3c64c488ef1", "size": 2968}, "epoch": 11, "loss": 12.103439331054688, "accuracy": 0.171875, "val_loss": 12.096345901489258, "val_accuracy": 0.17125000059604645, "_runtime": 33, "_timestamp": 1626354060, "_step": 11, "best_val_loss": 12.096114158630371, "best_epoch": 9}