{"graph": {"_type": "graph-file", "path": "media/graph/graph_summary_2bcabde743aa74997659.graph.json", "sha256": "2bcabde743aa74997659f13adb998d3a805198e38e4495aa5b140f0d387a1ce6", "size": 3655}, "epoch": 11, "loss": 12.934906005859375, "accuracy": 0.13718749582767487, "val_loss": 12.927103042602539, "val_accuracy": 0.24774999916553497, "_runtime": 38, "_timestamp": 1626353740, "_step": 11, "best_val_loss": 12.927093505859375, "best_epoch": 0}