{"graph": {"_type": "graph-file", "path": "media/graph/graph_summary_208d668c956e0fb05a63.graph.json", "sha256": "208d668c956e0fb05a6306845e565800722c7664a69d00961c271ef6d01df8dc", "size": 2276}, "epoch": 9, "loss": 4.548330307006836, "accuracy": 0.359375, "val_loss": 4.046219825744629, "val_accuracy": 0.3787499964237213, "_runtime": 11, "_timestamp": 1626354846, "_step": 9, "best_val_loss": 4.046219825744629, "best_epoch": 9}