{"graph": {"_type": "graph-file", "path": "media/graph/graph_summary_24a9868af809667e0555.graph.json", "sha256": "24a9868af809667e055572be001b9bbcf315dc81c0fccf925a75356d6128d1fb", "size": 2280}, "epoch": 11, "loss": 26.37592887878418, "accuracy": 0.43849998712539673, "val_loss": 25.50309944152832, "val_accuracy": 0.4115000069141388, "_runtime": 36, "_timestamp": 1626353515, "_step": 11, "best_val_loss": 24.94821548461914, "best_epoch": 10}