{"graph": {"_type": "graph-file", "path": "media/graph/graph_summary_dbafeab3fda02c8c578c.graph.json", "sha256": "dbafeab3fda02c8c578c131d6c08c36262ebae9b131ae7477d90e5cacee35c69", "size": 2959}, "epoch": 9, "loss": 4.0948567390441895, "accuracy": 0.3621875047683716, "val_loss": 4.815737247467041, "val_accuracy": 0.34700000286102295, "_runtime": 10, "_timestamp": 1626354895, "_step": 9, "best_val_loss": 4.815737247467041, "best_epoch": 9}