{"graph": {"_type": "graph-file", "path": "media/graph/graph_summary_df062f899bf6850a456e.graph.json", "sha256": "df062f899bf6850a456ea47a5f6c7ff15e7132618a7fb82d9dbeafad2b6efc7b", "size": 2274}, "epoch": 9, "loss": 12.33081340789795, "accuracy": 0.17231249809265137, "val_loss": 12.242454528808594, "val_accuracy": 0.23874999582767487, "_runtime": 12, "_timestamp": 1626354863, "_step": 9, "best_val_loss": 12.242454528808594, "best_epoch": 9}