{"graph": {"_type": "graph-file", "path": "media/graph/graph_summary_8a5e18017d67e74ebcf7.graph.json", "sha256": "8a5e18017d67e74ebcf765f61a40cb12bea0e0693a8136d4915ee53aa13f9bef", "size": 2966}, "epoch": 11, "loss": 28.791481018066406, "accuracy": 0.4129374921321869, "val_loss": 25.13123893737793, "val_accuracy": 0.4097500145435333, "_runtime": 28, "_timestamp": 1626353583, "_step": 11, "best_val_loss": 25.106975555419922, "best_epoch": 10}