{"graph": {"_type": "graph-file", "path": "media/graph/graph_summary_49c38822d8ac6c80af29.graph.json", "sha256": "49c38822d8ac6c80af296ab56cd11bbe7b01e18c396a8c204e417524ebe02cd4", "size": 2968}, "epoch": 11, "loss": 3.5914266109466553, "accuracy": 0.39787501096725464, "val_loss": 3.600306987762451, "val_accuracy": 0.39774999022483826, "_runtime": 30, "_timestamp": 1626353653, "_step": 11, "best_val_loss": 3.501894235610962, "best_epoch": 8}