{"graph": {"_type": "graph-file", "path": "media/graph/graph_summary_2bcabde743aa74997659.graph.json", "sha256": "2bcabde743aa74997659f13adb998d3a805198e38e4495aa5b140f0d387a1ce6", "size": 3655}, "epoch": 11, "loss": 207.77589416503906, "accuracy": 0.23793749511241913, "val_loss": 207.82154846191406, "val_accuracy": 0.26499998569488525, "_runtime": 28, "_timestamp": 1626352611, "_step": 11, "best_val_loss": 207.82154846191406, "best_epoch": 11}