{"graph": {"_type": "graph-file", "path": "media/graph/graph_summary_838a124a74ea2d7e04d2.graph.json", "sha256": "838a124a74ea2d7e04d2d75746473582b3eb9e140b6018a135f2c7237c1fd1be", "size": 3653}, "epoch": 11, "loss": 5.513665199279785, "accuracy": 0.29856249690055847, "val_loss": 6.998691558837891, "val_accuracy": 0.273499995470047, "_runtime": 29, "_timestamp": 1626353405, "_step": 11, "best_val_loss": 6.998691558837891, "best_epoch": 11}