{"graph": {"_type": "graph-file", "path": "media/graph/graph_summary_208d668c956e0fb05a63.graph.json", "sha256": "208d668c956e0fb05a6306845e565800722c7664a69d00961c271ef6d01df8dc", "size": 2276}, "epoch": 14, "loss": 3.625230550765991, "accuracy": 0.42656248807907104, "val_loss": 3.5242059230804443, "val_accuracy": 0.3959999978542328, "_runtime": 76, "_timestamp": 1626367687, "_step": 14, "best_val_loss": 3.488924026489258, "best_epoch": 10}