{"graph": {"_type": "graph-file", "path": "media/graph/graph_summary_2bcabde743aa74997659.graph.json", "sha256": "2bcabde743aa74997659f13adb998d3a805198e38e4495aa5b140f0d387a1ce6", "size": 3655}, "epoch": 11, "loss": 28.40239715576172, "accuracy": 0.40662500262260437, "val_loss": 25.444561004638672, "val_accuracy": 0.4165000021457672, "_runtime": 29, "_timestamp": 1626353618, "_step": 11, "best_val_loss": 25.444561004638672, "best_epoch": 11}