{"graph": {"_type": "graph-file", "path": "media/graph/graph_summary_c4884282cc127cb66206.graph.json", "sha256": "c4884282cc127cb66206276fd53f359b16ad07785227b2e2105762840c1d1eb8", "size": 2277}, "epoch": 11, "loss": 6.763134956359863, "accuracy": 0.3138124942779541, "val_loss": 7.270726203918457, "val_accuracy": 0.2997500002384186, "_runtime": 25, "_timestamp": 1626352510, "_step": 11, "best_val_loss": 7.270726203918457, "best_epoch": 11}