{"graph": {"_type": "graph-file", "path": "media/graph/graph_summary_f90da34ca744131a98f4.graph.json", "sha256": "f90da34ca744131a98f495ee25894bba3527aa43744e93f4678290a0da378d53", "size": 2276}, "epoch": 9, "loss": 12.501155853271484, "accuracy": 0.16356250643730164, "val_loss": 12.35916519165039, "val_accuracy": 0.16500000655651093, "_runtime": 9, "_timestamp": 1626354958, "_step": 9, "best_val_loss": 12.35916519165039, "best_epoch": 9}