{"graph": {"_type": "graph-file", "path": "media/graph/graph_summary_8a5e18017d67e74ebcf7.graph.json", "sha256": "8a5e18017d67e74ebcf765f61a40cb12bea0e0693a8136d4915ee53aa13f9bef", "size": 2966}, "epoch": 11, "loss": 12.934911727905273, "accuracy": 0.16443750262260437, "val_loss": 12.927092552185059, "val_accuracy": 0.03999999910593033, "_runtime": 40, "_timestamp": 1626353955, "_step": 11, "best_val_loss": 12.927091598510742, "best_epoch": 3}