{"graph": {"_type": "graph-file", "path": "media/graph/graph_summary_f52dc3a104b100cf1df1.graph.json", "sha256": "f52dc3a104b100cf1df114af8b11b35bd1c2a751eda63031f17b1b24353db323", "size": 2972}, "epoch": 14, "loss": 3.2931435108184814, "accuracy": 0.47837498784065247, "val_loss": 3.6722445487976074, "val_accuracy": 0.4092499911785126, "_runtime": 23, "_timestamp": 1626367367, "_step": 14, "best_val_loss": 3.4994332790374756, "best_epoch": 11}