{"graph": {"_type": "graph-file", "path": "media/graph/graph_summary_24a9868af809667e0555.graph.json", "sha256": "24a9868af809667e055572be001b9bbcf315dc81c0fccf925a75356d6128d1fb", "size": 2280}, "epoch": 11, "loss": 12.934908866882324, "accuracy": 0.10881250351667404, "val_loss": 12.927112579345703, "val_accuracy": 0.09724999964237213, "_runtime": 36, "_timestamp": 1626353264, "_step": 11, "best_val_loss": 12.927092552185059, "best_epoch": 0}