{"graph": {"_type": "graph-file", "path": "media/graph/graph_summary_d44a64b798b52620a43c.graph.json", "sha256": "d44a64b798b52620a43c4daa59b050521acb998991d0ae662b92e3c64c488ef1", "size": 2968}, "epoch": 11, "loss": 3.911090612411499, "accuracy": 0.3802500069141388, "val_loss": 4.738955020904541, "val_accuracy": 0.36149999499320984, "_runtime": 34, "_timestamp": 1626352728, "_step": 11, "best_val_loss": 4.738955020904541, "best_epoch": 11}