{"graph": {"_type": "graph-file", "path": "media/graph/graph_summary_838a124a74ea2d7e04d2.graph.json", "sha256": "838a124a74ea2d7e04d2d75746473582b3eb9e140b6018a135f2c7237c1fd1be", "size": 3653}, "epoch": 11, "loss": 12.103485107421875, "accuracy": 0.18643750250339508, "val_loss": 12.09565258026123, "val_accuracy": 0.25874999165534973, "_runtime": 33, "_timestamp": 1626354399, "_step": 11, "best_val_loss": 12.09565258026123, "best_epoch": 11}