{"graph": {"_type": "graph-file", "path": "media/graph/graph_summary_49c38822d8ac6c80af29.graph.json", "sha256": "49c38822d8ac6c80af296ab56cd11bbe7b01e18c396a8c204e417524ebe02cd4", "size": 2968}, "epoch": 11, "loss": 25.6440486907959, "accuracy": 0.421937495470047, "val_loss": 24.684316635131836, "val_accuracy": 0.4129999876022339, "_runtime": 31, "_timestamp": 1626352547, "_step": 11, "best_val_loss": 24.598102569580078, "best_epoch": 10}