{"graph": {"_type": "graph-file", "path": "media/graph/graph_summary_209ded9254da1c59a180.graph.json", "sha256": "209ded9254da1c59a1807c4a1e9e89413d2700d79a3cdc6605719954d831a340", "size": 2965}, "epoch": 14, "loss": 3.5289292335510254, "accuracy": 0.4125624895095825, "val_loss": 3.497612714767456, "val_accuracy": 0.4037500023841858, "_runtime": 28, "_timestamp": 1626367408, "_step": 14, "best_val_loss": 3.4658823013305664, "best_epoch": 12}