{"graph": {"_type": "graph-file", "path": "media/graph/graph_summary_838a124a74ea2d7e04d2.graph.json", "sha256": "838a124a74ea2d7e04d2d75746473582b3eb9e140b6018a135f2c7237c1fd1be", "size": 3653}, "epoch": 11, "loss": 3.966085433959961, "accuracy": 0.37549999356269836, "val_loss": 3.6743054389953613, "val_accuracy": 0.3917500078678131, "_runtime": 39, "_timestamp": 1626352145, "_step": 11, "best_val_loss": 3.6743054389953613, "best_epoch": 11}