{"graph": {"_type": "graph-file", "path": "media/graph/graph_summary_d3ee0d59c04d047624d1.graph.json", "sha256": "d3ee0d59c04d047624d1b41c34cdcbc26cda1e5890168978f82585dfd9fbc197", "size": 3656}, "epoch": 11, "loss": 12.51351261138916, "accuracy": 0.16706250607967377, "val_loss": 12.371581077575684, "val_accuracy": 0.01875000074505806, "_runtime": 27, "_timestamp": 1626354157, "_step": 11, "best_val_loss": 12.371581077575684, "best_epoch": 11}