{"graph": {"_type": "graph-file", "path": "media/graph/graph_summary_d3ee0d59c04d047624d1.graph.json", "sha256": "d3ee0d59c04d047624d1b41c34cdcbc26cda1e5890168978f82585dfd9fbc197", "size": 3656}, "epoch": 11, "loss": 26.611303329467773, "accuracy": 0.41462498903274536, "val_loss": 25.003219604492188, "val_accuracy": 0.4259999990463257, "_runtime": 39, "_timestamp": 1626354443, "_step": 11, "best_val_loss": 24.780567169189453, "best_epoch": 8}