{"graph": {"_type": "graph-file", "path": "media/graph/graph_summary_afee83dbdfd6b2c1a6c0.graph.json", "sha256": "afee83dbdfd6b2c1a6c0e80e3858451a2723fe7dceb160df24bb507999f2171d", "size": 2290}, "epoch": 9, "loss": 12.278539657592773, "accuracy": 0.1704374998807907, "val_loss": 12.277088165283203, "val_accuracy": 0.22349999845027924, "_runtime": 46, "_timestamp": 1626354829, "_step": 9, "best_val_loss": 12.277088165283203, "best_epoch": 9}