{"graph": {"_type": "graph-file", "path": "media/graph/graph_summary_6796c84bb9543d27e9ba.graph.json", "sha256": "6796c84bb9543d27e9bae4a1217ddd8f57d4284ef123ee42c37461d295fa30f0", "size": 3644}, "epoch": 9, "loss": 4.58232307434082, "accuracy": 0.3684999942779541, "val_loss": 4.163017749786377, "val_accuracy": 0.38075000047683716, "_runtime": 12, "_timestamp": 1626354880, "_step": 9, "best_val_loss": 4.163017749786377, "best_epoch": 9}