{"graph": {"_type": "graph-file", "path": "media/graph/graph_summary_838a124a74ea2d7e04d2.graph.json", "sha256": "838a124a74ea2d7e04d2d75746473582b3eb9e140b6018a135f2c7237c1fd1be", "size": 3653}, "epoch": 11, "loss": 207.7680206298828, "accuracy": 0.20218749344348907, "val_loss": 207.8314208984375, "val_accuracy": 0.11174999922513962, "_runtime": 33, "_timestamp": 1626353829, "_step": 11, "best_val_loss": 207.8314208984375, "best_epoch": 11}