{"graph": {"_type": "graph-file", "path": "media/graph/graph_summary_c4884282cc127cb66206.graph.json", "sha256": "c4884282cc127cb66206276fd53f359b16ad07785227b2e2105762840c1d1eb8", "size": 2277}, "epoch": 11, "loss": 226.70823669433594, "accuracy": 0.42774999141693115, "val_loss": 226.80722045898438, "val_accuracy": 0.41075000166893005, "_runtime": 26, "_timestamp": 1626352758, "_step": 11, "best_val_loss": 226.80722045898438, "best_epoch": 11}