{"graph": {"_type": "graph-file", "path": "media/graph/graph_summary_838a124a74ea2d7e04d2.graph.json", "sha256": "838a124a74ea2d7e04d2d75746473582b3eb9e140b6018a135f2c7237c1fd1be", "size": 3653}, "epoch": 11, "loss": 207.76541137695312, "accuracy": 0.22343750298023224, "val_loss": 207.92550659179688, "val_accuracy": 0.19349999725818634, "_runtime": 37, "_timestamp": 1626352653, "_step": 11, "best_val_loss": 207.92550659179688, "best_epoch": 11}