{"graph": {"_type": "graph-file", "path": "media/graph/graph_summary_8a5e18017d67e74ebcf7.graph.json", "sha256": "8a5e18017d67e74ebcf765f61a40cb12bea0e0693a8136d4915ee53aa13f9bef", "size": 2966}, "epoch": 2, "loss": 4.555219650268555, "accuracy": 0.36787500977516174, "val_loss": 5.730831146240234, "val_accuracy": 0.3857499957084656, "_runtime": 11, "_timestamp": 1626354460, "_step": 2, "best_val_loss": 5.32295560836792, "best_epoch": 1}