{"graph": {"_type": "graph-file", "path": "media/graph/graph_summary_8a5e18017d67e74ebcf7.graph.json", "sha256": "8a5e18017d67e74ebcf765f61a40cb12bea0e0693a8136d4915ee53aa13f9bef", "size": 2966}, "epoch": 11, "loss": 4.1272149085998535, "accuracy": 0.37181249260902405, "val_loss": 5.212499618530273, "val_accuracy": 0.359250009059906, "_runtime": 31, "_timestamp": 1626352689, "_step": 11, "best_val_loss": 4.8485307693481445, "best_epoch": 9}