{"graph": {"_type": "graph-file", "path": "media/graph/graph_summary_24a9868af809667e0555.graph.json", "sha256": "24a9868af809667e055572be001b9bbcf315dc81c0fccf925a75356d6128d1fb", "size": 2280}, "epoch": 11, "loss": 27.736906051635742, "accuracy": 0.42006251215934753, "val_loss": 26.640256881713867, "val_accuracy": 0.4112499952316284, "_runtime": 25, "_timestamp": 1626352578, "_step": 11, "best_val_loss": 26.640256881713867, "best_epoch": 11}