{"graph": {"_type": "graph-file", "path": "media/graph/graph_summary_763d161ee1416986b2da.graph.json", "sha256": "763d161ee1416986b2da717dbfb5bfe4b8ddd80affb73b0645af211c93478e01", "size": 2279}, "epoch": 9, "loss": 4.191352844238281, "accuracy": 0.3778125047683716, "val_loss": 4.269940376281738, "val_accuracy": 0.38725000619888306, "_runtime": 17, "_timestamp": 1626354918, "_step": 9, "best_val_loss": 4.01542329788208, "best_epoch": 8}