{"graph": {"_type": "graph-file", "path": "media/graph/graph_summary_d3ee0d59c04d047624d1.graph.json", "sha256": "d3ee0d59c04d047624d1b41c34cdcbc26cda1e5890168978f82585dfd9fbc197", "size": 3656}, "epoch": 11, "loss": 12.1036376953125, "accuracy": 0.17618750035762787, "val_loss": 12.095727920532227, "val_accuracy": 0.18524999916553497, "_runtime": 30, "_timestamp": 1626353474, "_step": 11, "best_val_loss": 12.095638275146484, "best_epoch": 5}