{"graph": {"_type": "graph-file", "path": "media/graph/graph_summary_8a5e18017d67e74ebcf7.graph.json", "sha256": "8a5e18017d67e74ebcf765f61a40cb12bea0e0693a8136d4915ee53aa13f9bef", "size": 2966}, "epoch": 11, "loss": 207.76947021484375, "accuracy": 0.26499998569488525, "val_loss": 209.0704803466797, "val_accuracy": 0.2720000147819519, "_runtime": 40, "_timestamp": 1626353874, "_step": 11, "best_val_loss": 208.9103240966797, "best_epoch": 4}