{"graph": {"_type": "graph-file", "path": "media/graph/graph_summary_d44a64b798b52620a43c.graph.json", "sha256": "d44a64b798b52620a43c4daa59b050521acb998991d0ae662b92e3c64c488ef1", "size": 2968}, "epoch": 11, "loss": 4.18385124206543, "accuracy": 0.3709374964237213, "val_loss": 4.030977725982666, "val_accuracy": 0.3737500011920929, "_runtime": 31, "_timestamp": 1626354095, "_step": 11, "best_val_loss": 4.030257225036621, "best_epoch": 10}