{"graph": {"_type": "graph-file", "path": "media/graph/graph_summary_2bcabde743aa74997659.graph.json", "sha256": "2bcabde743aa74997659f13adb998d3a805198e38e4495aa5b140f0d387a1ce6", "size": 3655}, "epoch": 11, "loss": 226.8375244140625, "accuracy": 0.3984375, "val_loss": 226.87240600585938, "val_accuracy": 0.4000000059604645, "_runtime": 30, "_timestamp": 1626353371, "_step": 11, "best_val_loss": 226.87240600585938, "best_epoch": 11}