{"graph": {"_type": "graph-file", "path": "media/graph/graph_summary_2bcabde743aa74997659.graph.json", "sha256": "2bcabde743aa74997659f13adb998d3a805198e38e4495aa5b140f0d387a1ce6", "size": 3655}, "epoch": 11, "loss": 27.625173568725586, "accuracy": 0.40293750166893005, "val_loss": 24.608592987060547, "val_accuracy": 0.4255000054836273, "_runtime": 36, "_timestamp": 1626352481, "_step": 11, "best_val_loss": 24.608592987060547, "best_epoch": 11}