{"graph": {"_type": "graph-file", "path": "media/graph/graph_summary_c4884282cc127cb66206.graph.json", "sha256": "c4884282cc127cb66206276fd53f359b16ad07785227b2e2105762840c1d1eb8", "size": 2277}, "epoch": 11, "loss": 207.766357421875, "accuracy": 0.2840000092983246, "val_loss": 207.81581115722656, "val_accuracy": 0.3402499854564667, "_runtime": 33, "_timestamp": 1626353911, "_step": 11, "best_val_loss": 207.81581115722656, "best_epoch": 11}