{"graph": {"_type": "graph-file", "path": "media/graph/graph_summary_97fc92a10ec596c3b0dc.graph.json", "sha256": "97fc92a10ec596c3b0dc0b8af23aa9f54644a573db25d9bc8871b7d935c50192", "size": 2280}, "epoch": 11, "loss": 226.64889526367188, "accuracy": 0.4401875138282776, "val_loss": 226.81700134277344, "val_accuracy": 0.4087499976158142, "_runtime": 28, "_timestamp": 1626353550, "_step": 11, "best_val_loss": 226.81700134277344, "best_epoch": 11}