{"graph": {"_type": "graph-file", "path": "media/graph/graph_summary_49c38822d8ac6c80af29.graph.json", "sha256": "49c38822d8ac6c80af296ab56cd11bbe7b01e18c396a8c204e417524ebe02cd4", "size": 2968}, "epoch": 11, "loss": 25.862548828125, "accuracy": 0.4259999990463257, "val_loss": 24.870655059814453, "val_accuracy": 0.4104999899864197, "_runtime": 31, "_timestamp": 1626354193, "_step": 11, "best_val_loss": 24.653263092041016, "best_epoch": 9}