{"graph": {"_type": "graph-file", "path": "media/graph/graph_summary_838a124a74ea2d7e04d2.graph.json", "sha256": "838a124a74ea2d7e04d2d75746473582b3eb9e140b6018a135f2c7237c1fd1be", "size": 3653}, "epoch": 11, "loss": 28.787681579589844, "accuracy": 0.4097500145435333, "val_loss": 24.962087631225586, "val_accuracy": 0.4090000092983246, "_runtime": 37, "_timestamp": 1626352188, "_step": 11, "best_val_loss": 24.93434715270996, "best_epoch": 10}