{"graph": {"_type": "graph-file", "path": "media/graph/graph_summary_d3ee0d59c04d047624d1.graph.json", "sha256": "d3ee0d59c04d047624d1b41c34cdcbc26cda1e5890168978f82585dfd9fbc197", "size": 3656}, "epoch": 11, "loss": 26.896041870117188, "accuracy": 0.4206874966621399, "val_loss": 25.58199691772461, "val_accuracy": 0.4077500104904175, "_runtime": 32, "_timestamp": 1626354231, "_step": 11, "best_val_loss": 24.723617553710938, "best_epoch": 9}