{"graph": {"_type": "graph-file", "path": "media/graph/graph_summary_ce9c787ccf7fbc4342a7.graph.json", "sha256": "ce9c787ccf7fbc4342a7a4690a5182545b9f2cb6180964fbbedd7b7560dae2e7", "size": 2965}, "epoch": 2, "loss": 3.6984941959381104, "accuracy": 0.38587498664855957, "val_loss": 3.560242176055908, "val_accuracy": 0.3865000009536743, "_runtime": 10, "_timestamp": 1626367703, "_step": 2, "best_val_loss": 3.560242176055908, "best_epoch": 2}