{"graph": {"_type": "graph-file", "path": "media/graph/graph_summary_c6f7a12b81376926ed07.graph.json", "sha256": "c6f7a12b81376926ed07706fb082e6ef1b036e6a3acc3bca98654db757814467", "size": 2962}, "epoch": 9, "loss": 12.103483200073242, "accuracy": 0.16043749451637268, "val_loss": 12.095637321472168, "val_accuracy": 0.2147500067949295, "_runtime": 20, "_timestamp": 1626354944, "_step": 9, "best_val_loss": 12.095637321472168, "best_epoch": 9}